Link1;Link2;Relation
https://www.olx.pl/d/oferta/pokoj-jednoosobowy-w-sercu-lazarza-z-balkonem-CID3-ID19S2pW.html?search_reason=search%7Cpromoted;https://www.olx.pl/d/oferta/pokoj-10m2-na-wynajem-os-zwyciestwa-CID3-ID19Wjl1.html?search_reason=search%7Corganic;<
https://www.olx.pl/d/oferta/pokoj-jednoosobowy-bezposrednio-CID3-ID19RmlO.html?search_reason=search%7Cpromoted;https://www.olx.pl/d/oferta/pokoj-na-armii-krajowej-czysty-spokojne-mieszkanie-hoca1-CID3-ID17BkJV.html?search_reason=search%7Corganic;<
https://www.olx.pl/d/oferta/pokoj-jednoosobowy-w-sercu-lazarza-z-balkonem-CID3-ID19S2pW.html?search_reason=search%7Cpromoted;https://www.olx.pl/d/oferta/wynajem-pokoju-od-zaraz-stare-zegrze-29-CID3-ID19Wyt2.html?search_reason=search%7Corganic;<
https://www.olx.pl/d/oferta/pokoj-jednoosobowy-bezposrednio-CID3-ID19RmlO.html?search_reason=search%7Cpromoted;https://www.olx.pl/d/oferta/wynajem-pokoju-na-ratajach-CID3-ID19Sp6i.html?search_reason=search%7Cpromoted;<
https://www.olx.pl/d/oferta/pokoj-na-wynajem-ul-kolejowa-CID3-ID19TS6I.html?search_reason=search%7Cpromoted;https://www.olx.pl/d/oferta/wynajem-pokoju-na-ratajach-CID3-ID19Sp6i.html?search_reason=search%7Cpromoted;<
https://www.olx.pl/d/oferta/na-wynajem-pokoj-1-osobowy-piatkowie-dla-dziewczyny-wolne-od-zaraz-CID3-ID19QRV2.html?search_reason=search%7Cpromoted;https://www.olx.pl/d/oferta/piekny-pokoj-do-wynajecia-w-centrum-pl-asnyka-CID3-ID16FvNT.html?search_reason=search%7Corganic;<
https://www.olx.pl/d/oferta/wynajem-pokoju-na-ratajach-CID3-ID19Sp6i.html?search_reason=search%7Cpromoted;https://www.olx.pl/d/oferta/pokoj-10m2-na-wynajem-os-zwyciestwa-CID3-ID19Wjl1.html?search_reason=search%7Corganic;>
https://www.olx.pl/d/oferta/wynajem-pokoju-od-zaraz-stare-zegrze-29-CID3-ID19Wyt2.html?search_reason=search%7Corganic;https://www.olx.pl/d/oferta/pokoj-jednoosobowy-w-sercu-lazarza-z-balkonem-CID3-ID19S2pW.html?search_reason=search%7Cpromoted;>
https://www.olx.pl/d/oferta/wynajem-pokoju-na-ratajach-CID3-ID19Sp6i.html?search_reason=search%7Cpromoted;https://www.otodom.pl/pl/oferta/nowe-przytulne-komfortowe-4-pokoje-na-wynajem-ID4yGD0;>
https://www.olx.pl/d/oferta/wynajme-pokoj-na-os-winogrady-CID3-ID187JTO.html?search_reason=search%7Corganic;https://www.olx.pl/d/oferta/duzy-pokoj-w-centrum-poznania-CID3-ID19Wd36.html?search_reason=search%7Cpromoted;>
https://www.olx.pl/d/oferta/duzy-pokoj-w-centrum-poznania-CID3-ID19Wd36.html?search_reason=search%7Cpromoted;https://www.olx.pl/d/oferta/pokoj-jednoosobowy-w-sercu-lazarza-z-balkonem-CID3-ID19S2pW.html?search_reason=search%7Cpromoted;>
https://www.olx.pl/d/oferta/pokoj-jednoosobowy-w-sercu-lazarza-z-balkonem-CID3-ID19S2pW.html?search_reason=search%7Cpromoted;https://www.olx.pl/d/oferta/wynajme-pokoj-na-os-winogrady-CID3-ID187JTO.html?search_reason=search%7Corganic;>
